Area_Name,Tows,TowsByArea,pctTows
Bandon,10724,87,0.8112644535621037
Brookings,10724,131,1.2215591197314435
Coos Bay,10724,347,3.235732935471839
Humboldt,10724,55,0.5128683327116748
Morro Bay,10724,65,0.6061171204774338
Not BOEM,10724,10039,93.6124580380455
